Generation,mean_threads,stderr,gen_size,mode,min,max
1,1.5,0.25495097567963926,10,1,1,3
2,1.9,0.26267851073127396,10,2,0,3
3,2.1,0.2626785107312739,10,3,1,3
4,2.3,0.317804971641414,10,3,0,3
5,2.9,0.09486832980505137,10,3,2,3
6,3.0,0.0,10,3,3,3
7,3.0,0.0,10,3,3,3
8,3.0,0.0,10,3,3,3
9,3.0,0.0,10,3,3,3
10,3.0,0.0,10,3,3,3
