Gen,Fitness
7,601143.6999999997
6,641323.399999999
5,607183.0000000001
4,665079.9
2,669495.2
3,673995.4
1,676147.9
