Generation,mean,stderr,mean collisions,collision stderr,collisions min,collisions max,mean wires,mean wires stderr
1,0.002937527316406978,0.0009239128827240409,0.6,0.15491933384829665,0,1,3.6,0.3794733192202055
