Generation,mean,stderr
1,759.7,108.52751264080459
2,0,0.0
2,712.8,44.75238541128283
