Generation,mean_threads,stderr,gen_size,mode,min,max
1,1.2,0.12649110640673517,10,1,1,2
2,1.5,0.291547594742265,10,1,0,3
3,1.7,0.2469817807045694,10,1,1,3
4,2.2,0.2756809750418044,10,3,1,3
5,2.7,0.20248456731316586,10,3,1,3
6,3.0,0.0,10,3,3,3
7,3.0,0.0,10,3,3,3
8,3.0,0.0,10,3,3,3
9,3.0,0.0,10,3,3,3
10,3.0,0.0,10,3,3,3
