Generation,mean,stderr,mean collisions,collision stderr,collisions min,collisions max,mean wires,mean wires stderr
1,0.010614970482049855,0.0035783049594186045,0.4,0.28982753492378877,0,3,3.5,0.32403703492039304
