Generation,mean,stderr,mean collisions,collision stderr,collisions min,collisions max,mean wires,mean wires stderr
1,0.010614970482049855,0.0035783049594186045,0.4,0.28982753492378877,0,3,3.5,0.32403703492039304
2,0.006384541666616885,0.0008587768982701861,0.8,0.27568097504180444,0,3,2.9,0.4571651780264984
