Generation,mean,stderr,mean collisions,collision stderr,collisions min,collisions max,mean wires,mean wires stderr
1,0.010614970482049855,0.0035783049594186045,0.4,0.28982753492378877,0,3,3.5,0.32403703492039304
2,0.006384541666616885,0.0008587768982701861,0.8,0.27568097504180444,0,3,2.9,0.4571651780264984
3,0.011471280071050942,0.001849720185150069,0.9,0.22135943621178655,0,2,2.4,0.20976176963403032
4,0.0129979721233494,0.0019990588758213835,0.7,0.20248456731316586,0,2,2.3,0.3754996671103717
5,0.008819153368918444,0.0014528317135123108,0.0,0.0,0,0,0.8,0.27568097504180444
